ID,Year,Risk,LCS,Net Profit,Total Assets,Total Liabilites,Age,Sales,BookV,MarketV
INTP,2017,0.04766,3,1859818000000.00,28863676000000.00,4307169000000.00,1985,14431211000000.00,24556507000000.00,80803035793050.00
SMBR,2017,0.04023,2,146648432000.00,5060337247000.00,1647477388000.00,1974,1551524990000.00,3412859859000.00,37714229675400.00
SMCB,2017,0.02508,3,-758045000000.00,19626403000000.00,12429452000000.00,1971,9382120000000.00,7196951000000.00,6398521500000.00
SMGR,2017,0.04056,2,2043025914000.00,48963502966000.00,18524450664000.00,1953,27813664176000.00,30439052302000.00,58722048000000.00
WTON,2017,0.01094,2,340458859391.00,7067976095043.00,4320040760958.00,1997,5362263237778.00,2747935334085.00,4357733300000.00
AMFG,2017,0.03697,2,38569000000.00,6267816000000.00,2718939000000.00,1971,3885791000000.00,3548877000000.00,2614850000000.00
ARNA,2017,0.01345,3,122183909643.00,1601346561573.00,571946769034.00,1993,1732985361870.00,1029399792539.00,2510769393792.00
IKAI,2017,0.18678,4,-43578020000.00,229825182000.00,335252238000.00,1991,13297423000.00,-105427056000.00,57771016378.00
KIAS,2017,0.04460,5,-85300976555.00,1767603505697.00,340873208857.00,1968,810064124425.00,1426730296840.00,1492910000000.00
MLIA,2017,0.67957,5,47534072000.00,5186685508000.00,3432390525000.00,1986,6277135709000.00,1754295083000.00,780570000000.00
TOTO,2017,0.02618,3,278935804544.00,2826490815501.00,1132699218954.00,1977,2171861931164.00,1693791596547.00,4210560000000.00
ALKA,2017,0.03098,4,15406256000.00,305208703000.00,226717826000.00,1972,1932783905000.00,78490877000.00,155345506830.00
ALMI,2017,0.02505,4,8446455684.00,2376281796928.00,1997411244539.00,1978,3484905171484.00,378870552389.00,135520000000.00
BAJA,2017,0.03074,3,-22984761751.00,964448936464.00,774432726191.00,1993,1218317826843.00,172016210273.00,288000000000.00
BTON,2017,0.04926,5,11370927212.00,183501650442.00,28862718117.00,1995,88010862980.00,154638932325.00,81360000000.00
GDST,2017,0.03752,3,10284697314.00,1286954720465.00,392632933617.00,1989,1228528694746.00,845279412716.00,672400000000.00
INAI,2017,0.00517,3,38651704520.00,1213916545120.00,936511874370.00,1971,980285748450.00,277404670750.00,239500800000.00
ISSP,2017,0.01394,3,8634000000.00,6269365000000.00,3428424000000.00,1971,3662810000000.00,2840941000000.00,826389084025.00
JKSW,2017,0.04269,5,-4017866640.00,252294581992.00,698066277185.00,1974,11819781048.00,-445771695193.00,14550000000.00
JPRS,2017,0.00967,5,-14894192084.00,357404148034.00,66219547909.00,1973,244324396080.00,291184600125.00,96750000000.00
LION,2017,0.03117,3,9282943009.00,681937947736.00,229630859719.00,1972,349690796141.00,452307088017.00,397812240000.00
LMSH,2017,0.03338,3,12967113850.00,161163426840.00,31541423763.00,1982,224371164551.00,129622003077.00,61440000000.00
PICO,2017,0.00160,3,16824380227.00,720238957745.00,440555207507.00,1983,747064722530.00,279683750237.00,129589500000.00
BUDI,2017,0.00472,3,45691000000.00,2939456000000.00,1744756000000.00,1979,2510578000000.00,1194700000000.00,422905752028.00
DPNS,2017,0.00903,5,5963420071.00,308491173960.00,40655786593.00,1982,111294849755.00,267835387367.00,115895483200.00
EKAD,2017,0.01741,3,76195665729.00,796767646172.00,133949920707.00,1981,643591823505.00,662817725465.00,485648625000.00
ETWA,2017,0.05458,1,-127520042125.00,1114568571897.00,1235873364699.00,1992,51671051196.00,-121304792802.00,61002711000.00
INCI,2017,0.03251,2,16554272131.00,303788390330.00,35408565186.00,1981,269706737385.00,268379825144.00,73862506848.00
SRSN,2017,0.00672,3,17698567000.00,652726454000.00,237220555000.00,1982,521481727000.00,415505899000.00,301000000000.00
AKKU,2017,0.10414,1,-19453731339.00,1117019087846.00,356837577498.00,2001,17132008657.00,760181510348.00,348271036344.00
AKPI,2017,0.00776,3,13333970000.00,2745325833000.00,1618713342000.00,1980,2064857643000.00,1126612491000.00,493000000000.00
APLI,2017,0.04211,2,2570499745.00,327888992462.00,77788420766.00,1992,156923399250.00,250100571696.00,108000000000.00
BRNA,2017,0.17255,3,-178283422000.00,1964877082000.00,1111847645000.00,1969,1310440496000.00,853029437000.00,1214096400000.00
IGAR,2017,0.01220,3,72376683136.00,513022591574.00,71075842431.00,1975,761926952217.00,441946749143.00,367493301000.00
SIAP,2017,0.04464,4,-10584364135.00,227225262812.00,238682416098.00,1994,920847295.00,-11457153286.00,1992000000000.00
CPIN,2017,0.01409,3,2496787000000.00,24522593000000.00,8819768000000.00,1972,49367386000000.00,15702825000000.00,49194000000000.00
JPFA,2017,0.04258,3,1107810000000.00,21088870000000.00,11293242000000.00,1971,29602688000000.00,9795628000000.00,14833679783000.00
MAIN,2017,0.04595,2,48698329000.00,4072245477000.00,2371092779000.00,1997,5441395835000.00,1701152698000.00,1634287500000.00
SIPD,2017,0.09521,4,-354925000000.00,2239699000000.00,1448387000000.00,1985,2449961000000.00,791312000000.00,1245365398470.00
TIRT,2017,0.01764,4,1001385942.00,859299056455.00,735476711731.00,1981,796611411050.00,123822344724.00,90047952750.00
FASW,2017,0.07132,3,595868198714.00,9369891776775.00,6081574204386.00,1987,7337185138762.00,3288317572389.00,13380599449800.00
KBRI,2017,0.01492,3,-125704262232.00,1171234610856.00,878173162999.00,1978,144027720203.00,293061447857.00,434399786700.00
KDSI,2017,0.02193,1,68965208549.00,1328291727616.00,842752226515.00,1973,2245519457754.00,485539501101.00,222750000000.00
SPMA,2017,0.03442,3,92280117234.00,2175660855114.00,980123282608.00,1976,2093137904266.00,1172195335156.00,448289043096.00
KRAH,2017,0.04501,1,-53758268218.00,645953214546.00,520550572402.00,1990,263264762260.00,125402642144.00,2670772500000.00
ASII,2017,0.00740,3,23165000000000.00,295646000000000.00,139317000000000.00,1957,206057000000000.00,156329000000000.00,336013491062000.00
AUTO,2017,0.00754,3,547781000000.00,14762309000000.00,4003233000000.00,1991,13549857000000.00,10759076000000.00,9928649980000.00
GJTL,2017,0.02589,3,45028000000.00,18191176000000.00,12501710000000.00,1951,14146918000000.00,5689466000000.00,2369664000000.00
IMAS,2017,0.00622,1,-64296811100.00,31375311299854.00,22094058955142.00,1997,15359437288255.00,9281252344712.00,2322833866080.00
INDS,2017,0.02306,3,113639639901.00,2434617337849.00,289798419319.00,1978,1967982902772.00,2144818918530.00,826874634600.00
LPIN,2017,0.46989,5,191977703453.00,268116498330.00,36654665747.00,1982,102949173758.00,231461832583.00,133875000000.00
HDTX,2017,0.04516,1,-847049209.00,4035086385000.00,3701551196000.00,1973,1293363942000.00,333535189000.00,1786325548800.00
MYTX,2017,0.06923,5,-286485000000.00,3458737000000.00,3109652000000.00,1987,1640409000000.00,349085000000.00,203866654203.00
RICY,2017,0.00059,3,16558562696.00,1374444788282.00,944179416586.00,1987,1600432168098.00,430265371696.00,96257626500.00
SSTM,2017,0.01267,3,-23709833744.00,605643301307.00,393177629585.00,1972,343842837211.00,212465671723.00,444945488780.00
STAR,2017,0.00027,5,594726798.00,614705038056.00,124422750504.00,2008,114496159735.00,490282287552.00,475200059598.00
TRIS,2017,0.01990,3,14198889550.00,544968319987.00,188736733204.00,2004,773806956330.00,356231586783.00,322657043016.00
UNIT,2017,0.00085,5,1062124056.00,426384622878.00,181126294572.00,1988,103245048266.00,245258328306.00,17196261600.00
BATA,2017,0.06099,3,53654376000.00,855691231000.00,276382503000.00,1931,974536083000.00,579308728000.00,741000000000.00
BIMA,2017,0.11030,3,15795652032.00,89327328853.00,173964702574.00,1988,153713878373.00,-84637373721.00,41964124404.00
AISA,2017,0.09220,2,-846809000000.00,8724734000000.00,5319855000000.00,1990,4920632000000.00,3404879000000.00,1489213600000.00
ALTO,2017,0.02022,2,-62849581665.00,1109383971111.00,690099182411.00,1997,262143990839.00,419284788700.00,850445776504.00
CEKA,2017,0.05632,3,107420886839.00,1392636444501.00,489592257434.00,1968,4257738486908.00,903044187067.00,767550000000.00
DLTA,2017,0.01491,3,279772635000.00,1340842765000.00,196197372000.00,1970,777308328000.00,1144645393000.00,3675025039500.00
ICBP,2017,0.00848,3,3543173000000.00,31619514000000.00,11295000000.00,2009,35606593000000.00,20324330000000.00,103790981200000.00
INDF,2017,0.01239,3,5145063000000.00,87939488000000.00,41182764000000.00,1990,70186618000000.00,46756724000000.00,66950752062500.00
MLBI,2017,0.14794,3,1322067000000.00,2510078000000.00,1445173000000.00,1929,3389736000000.00,1064905000000.00,28813225000000.00
MYOR,2017,0.00141,3,1630953830893.00,14915849900251.00,7561503434179.00,1977,20816673946473.00,7354346366072.00,45164573444500.00
PSDN,2017,0.06320,5,32150564335.00,690979867049.00,391494545681.00,1974,1399580416996.00,299485321368.00,368640000000.00
ROTI,2017,0.03943,2,135364021139.00,4559573709411.00,1739467993982.00,1995,2491100179560.00,2820105715429.00,7887773332200.00
SKBM,2017,0.01950,1,25880464791.00,1623027475045.00,599790014646.00,1973,1841487199828.00,1023237460399.00,1234092300155.00
SKLT,2017,0.00981,3,22970715348.00,636284210210.00,328714435982.00,1976,914188759779.00,307569774228.00,759814550000.00
STTP,2017,0.01173,5,216024079834.00,2342432443196.00,957660374836.00,1987,2825409180889.00,1384772068360.00,5711600000000.00
ULTJ,2017,0.01535,3,711681000000.00,5186940000000.00,9785185000000.00,1971,4879559000000.00,4208755000000.00,14961818760000.00
GGRM,2017,0.00747,3,7755347000000.00,66759930000000.00,24572266000000.00,1971,83305925000000.00,42187664000000.00,161238574400000.00
HMSP,2017,0.01442,3,12670534000000.00,43141063000000.00,9028078000000.00,1963,99091484000000.00,34112985000000.00,550184503737000.00
RMBA,2017,0.06233,1,-480063000000.00,14083598000000.00,5159928000000.00,1987,20258870000000.00,8923670000000.00,13832431775000.00
WIIM,2017,0.03314,3,40589790851.00,1225712093041.00,247620731930.00,1994,1476427090781.00,978091361111.00,608963390400.00
DVLA,2017,0.01195,3,162249293000.00,1640886147000.00,524586078000.00,1976,1575647308000.00,1116300069000.00,2195200000000.00
INAF,2017,0.01727,2,-46284759301.00,1529874782290.00,1003464884586.00,1996,1631317499096.00,526409897704.00,18285678250000.00
KAEF,2017,0.01262,2,331707917461.00,6096148972533.00,3523628217406.00,1971,6127479369403.00,2572520755127.00,14995800000000.00
KLBF,2017,0.00341,3,2453251410604.00,16616239416335.00,2722207633646.00,1966,20182120166616.00,13894031782689.00,79218956365900.00
MERK,2017,0.02635,3,144677294000.00,847006544000.00,231569103000.00,1970,1156648155000.00,615437441000.00,3808000000000.00
PYFA,2017,0.01270,3,7127402168.00,159563931041.00,50707930330.00,1976,223002490278.00,108856000711.00,97919640000.00
SIDO,2017,0.00638,3,533799000000.00,3158198000000.00,262333000000.00,1975,2573840000000.00,2895865000000.00,8175000000000.00
TSPC,2017,0.00499,3,557339581996.00,7434900309021.00,2352891899876.00,1970,9565462045199.00,5082008409145.00,8100000000000.00
ADES,2017,0.01463,3,38242000000.00,840236000000.00,417225000000.00,1985,814490000000.00,423011000000.00,522058668000.00
MBTO,2017,0.02309,1,-24690826118.00,780669761787.00,367927139244.00,1977,731577343628.00,412742622543.00,144450000000.00
MRAT,2017,0.00690,1,-1283332109.00,497354419089.00,130623005085.00,1978,344678666245.00,366731414004.00,88168000000.00
TCID,2017,0.10768,3,179126382068.00,2361807189430.00,503480953006.00,1969,2706394847919.00,1858326336424.00,3599093339300.00
UNVR,2017,0.00604,3,7004562000000.00,18906413000000.00,13733025000000.00,1933,41204510000000.00,5173388000000.00,426517000000000.00
KICI,2017,0.07649,3,7946916114.00,149420009884.00,57921570888.00,1974,113414715049.00,91498438996.00,47196000000.00
LMPI,2017,0.02552,4,-31140558174.00,834548374286.00,458292046535.00,1972,411144165006.00,376256327751.00,168422450723.00
INTP,2016,0.02714,3,3870319000000.00,30150580000000.00,4011877000000.00,1985,15361894000000.00,26138703000000.00,56690968164600.00
SMBR,2016,0.03068,2,250090525000.00,4368876996000.00,1248119294000.00,1974,1522808093000.00,3120757702000.00,27447123015000.00
SMCB,2016,0.02667,2,-285584000000.00,19763133000000.00,11702538000000.00,1971,9458403000000.00,8060595000000.00,6896610000000.00
SMGR,2016,0.03085,3,4535036823000.00,44226895982000.00,13652504525000.00,1953,26134306138000.00,30574391457000.00,54421696000000.00
WTON,2016,0.02313,1,281567627374.00,4663078318968.00,2171844871665.00,1997,3481731506128.00,2490474913654.00,7190259945000.00
AMFG,2016,0.03519,2,260444000000.00,5504890000000.00,1905626000000.00,1971,3724075000000.00,3599264000000.00,2907800000000.00
ARNA,2016,0.08856,3,91375910975.00,1543216299146.00,595128097997.00,1993,1511978367218.00,948088201259.00,3817544107520.00
IKAI,2016,0.24896,5,-145359281909.00,265028561223.00,326877597451.00,1991,83772635083.00,-61849036228.00,56188248806.00
KIAS,2016,0.09522,5,-252499000000.00,1859669927962.00,339640000000.00,1968,863715000000.00,1520030000000.00,1194328000000.00
MLIA,2016,0.67732,4,9039563000.00,7723578677.00,6110478983000.00,1986,5793737618000.00,1613099694000.00,727650000000.00
TOTO,2016,0.04039,3,168564583718.00,2581440938262.00,1057566418720.00,1977,2069017634710.00,1523874519542.00,5139360000000.00
ALKA,2016,0.00960,3,516167000.00,136618855000.00,75514424000.00,1972,1151605756000.00,61104431000.00,142146215400.00
ALMI,2016,0.02353,2,-99931854409.00,2153030503531.00,1749336161470.00,1978,2461800368336.00,403694342061.00,112728000000.00
BAJA,2016,0.02245,3,34393355090.00,982626956424.00,786124255950.00,1993,978940639564.00,196502700474.00,594000000000.00
BTON,2016,0.04233,5,-5974737984.00,177290628918.00,33757198849.00,1995,62760109860.00,143533430069.00,90720000000.00
GDST,2016,0.03593,2,31704557018.00,1256609869910.00,425486909790.00,1989,757282528180.00,832122960120.00,926600000000.00
INAI,2016,0.00254,4,35552975244.00,1339032413455.00,1081015810782.00,1971,1284510320664.00,258016602673.00,204336000000.00
ISSP,2016,0.00000,1,102925000000.00,6041811000000.00,3396754000000.00,1971,3259200000000.00,2645057000000.00,1509058327350.00
JKSW,2016,0.03948,5,-2895181993.00,273181586009.00,714935414562.00,1974,256234745701.00,-441753828553.00,11250000000.00
JPRS,2016,0.02270,5,-19268949081.00,351318309863.00,43106380598.00,1973,120691469840.00,308211919265.00,101250000000.00
LION,2016,0.00996,3,42345417055.00,685812995987.00,216209902816.00,1972,379137149036.00,470603093171.00,546016800000.00
LMSH,2016,0.01938,2,6252814811.00,162828169250.00,45511700128.00,1982,157855084036.00,117316469122.00,56640000000.00
PICO,2016,0.00221,3,13753451941.00,638566761462.00,372723897214.00,1983,705730705044.00,265842864248.00,126179250000.00
BUDI,2016,0.00350,3,38624000000.00,2931807000000.00,1766825000000.00,1979,2467553000000.00,1164982000000.00,391412770494.00
DPNS,2016,0.01110,2,10009391103.00,296129565784.00,32865162199.00,1982,115940711050.00,263264403585.00,132451980800.00
EKAD,2016,0.01548,2,90685821530.00,702508630708.00,110503822983.00,1981,568638832579.00,592004807725.00,412277250000.00
ETWA,2016,0.05472,3,-68488774415.00,1158935571034.00,1151833904006.00,1992,243013782107.00,7101667028.00,79400354000.00
INCI,2016,0.03166,5,9988836259.00,269351381344.00,26524918593.00,1981,176067561639.00,242826462751.00,55396880136.00
SRSN,2016,0.00818,3,11056051000.00,717149704000.00,315096071000.00,1982,500539668000.00,402053633000.00,301000000000.00
AKKU,2016,0.09823,1,20521981228.00,1070169294420.00,290207521860.00,2001,101375300385.00,779961772561.00,477260309064.00
AKPI,2016,0.00524,3,52393857000.00,2615909190000.00,1495874021000.00,1980,2047218639000.00,1120035169000.00,612000000000.00
APLI,2016,0.03718,3,25109482194.00,314468690130.00,67967245679.00,1992,319727703679.00,246501444451.00,168000000000.00
BRNA,2016,0.13071,2,-9533958000.00,2088696909000.00,1060343634000.00,1969,1364849405000.00,1311380454000.00,1077021000000.00
IGAR,2016,0.01351,3,69305629795.00,439465673296.00,65716637766.00,1975,792794834768.00,373749035530.00,505546340000.00
SIAP,2016,0.04158,4,-25245747695.00,228709028216.00,229729846283.00,1994,24836291703.00,-1020818067.00,1992000000000.00
CPIN,2016,0.00940,3,2251813000000.00,24204994000000.00,10047751000000.00,1972,38256857000000.00,14157243000000.00,50669820000000.00
JPFA,2016,0.04934,3,2171608000000.00,19251026000000.00,9878062000000.00,1971,27063310000000.00,9372964000000.00,16602310834050.00
MAIN,2016,0.05437,3,290230477000.00,3919764494000.00,2082189069000.00,1997,5246340041000.00,1837575425000.00,2910375000000.00
SIPD,2016,0.09474,1,13048780927.00,2567211193259.00,1424380421256.00,1985,2427199231761.00,1142830770003.00,910589753720.00
TIRT,2016,0.02230,2,28988504757.00,815997477795.00,689189375810.00,1981,843528979435.00,192637764711.00,126471843750.00
FASW,2016,0.06755,3,778012761625.00,8583223835997.00,5424781372865.00,1987,5874745032615.00,3158442463132.00,13380599449800.00
KBRI,2016,0.04830,3,-102760678879.00,1263726833318.00,844568778363.00,1978,161367353686.00,419158054955.00,434399786700.00
KDSI,2016,0.04027,3,47127349067.00,1142273020550.00,722488734446.00,1973,1995337146834.00,419784286104.00,141750000000.00
SPMA,2016,0.02968,3,81063430679.00,2158852415950.00,1047296887831.00,1976,1932435078255.00,1079146551310.00,410226765852.00
KRAH,2016,0.04269,2,826840802.00,598711565464.00,420562586151.00,1990,312547508818.00,178148979313.00,2292008400000.00
ASII,2016,0.01589,3,18302000000000.00,261855000000000.00,121949000000000.00,1957,181084000000000.00,139906000000000.00,335001402233500.00
AUTO,2016,0.02297,3,483421000000.00,14612274000000.00,4075716000000.00,1991,12806867000000.00,10536558000000.00,9880452650000.00
GJTL,2016,0.02643,3,626561000000.00,18697779000000.00,12849602000000.00,1951,13633556000000.00,5848177000000.00,3728736000000.00
IMAS,2016,0.00604,2,-312881005784.00,25633342258679.00,18923523905726.00,1997,15049532331662.00,6709818352953.00,3622514719720.00
INDS,2016,0.02800,3,49556367334.00,2477272502538.00,409208624907.00,1978,1637036790119.00,2068063877631.00,531562265100.00
LPIN,2016,0.05731,1,-64037459813.00,477838306256.00,426243285867.00,1982,141746864032.00,51595020389.00,86487500000.00
HDTX,2016,0.03098,2,-393567637000.00,4743579758000.00,3565112660000.00,1973,1647106585000.00,1178467098000.00,2088848424000.00
MYTX,2016,0.07168,1,-356491000000.00,1619757000000.00,2544730000000.00,1987,1296753000000.00,-924973000000.00,89466661197.00
RICY,2016,0.00108,2,14033426519.00,1288683925066.00,876184855001.00,1987,1221519096811.00,412499070065.00,98824496540.00
SSTM,2016,0.00372,3,-14582624323.00,670963993715.00,407944491993.00,1972,436691203876.00,263019501722.00,421527305160.00
STAR,2016,0.00014,5,462555306.00,690187353961.00,200161402637.00,2008,129480611941.00,490025951324.00,268800033712.00
TRIS,2016,0.01596,2,25213015324.00,639701164511.00,293073984034.00,2004,901909489240.00,346627180477.00,351298592400.00
UNIT,2016,0.00065,5,860775733.00,432912180372.00,188891359540.00,1988,104109821503.00,244021820832.00,27151992000.00
BATA,2016,0.05599,3,42231663000.00,804742917000.00,247587638000.00,1931,999802379000.00,557155279000.00,1027000000000.00
BIMA,2016,0.09851,5,17410120742.00,92041274561.00,189216746183.00,1988,172109865924.00,-97175471622.00,118594264620.00
AISA,2016,0.01884,2,719228000000.00,9254539000000.00,4990139000000.00,1990,6545680000000.00,4264400000000.00,6085127000000.00
ALTO,2016,0.00787,2,-26500565763.00,1165093632823.00,684252214422.00,1997,296471502365.00,480841418401.00,721579019700.00
CEKA,2016,0.07210,5,249697013626.00,1452964152418.00,538044038690.00,1968,4115541761173.00,997920113728.00,803250000000.00
DLTA,2016,0.05470,3,254509268000.00,1197796650000.00,185422642000.00,1970,774968268000.00,1012374008000.00,4003295250000.00
ICBP,2016,0.01218,3,3631301000000.00,28901948000000.00,10401125000000.00,2009,34466069000000.00,18500823000000.00,100000861100000.00
INDF,2016,0.01264,3,5266906000000.00,82174515000000.00,38233092000000.00,1990,66750317000000.00,43941423000000.00,69584880012500.00
MLBI,2016,0.09842,3,982129000000.00,2275038000000.00,1454398000000.00,1929,3263311000000.00,820640000000.00,24757250000000.00
MYOR,2016,0.04751,3,1388676127665.00,12922421859142.00,6657165872077.00,1977,18349959898358.00,6265255987065.00,36780061047625.00
PSDN,2016,0.01167,2,-36662178272.00,653796725408.00,373511385025.00,1974,932905806441.00,280285340383.00,192960000000.00
ROTI,2016,0.00608,3,279777368831.00,2919640858718.00,1476889086692.00,1995,2521920968213.00,1442751772026.00,8098880000000.00
SKBM,2016,0.05948,1,22545456050.00,1001657012004.00,633267725358.00,1973,1501115928446.00,368389286646.00,599379772160.00
SKLT,2016,0.00891,2,20646121074.00,568239939951.00,272088644079.00,1976,833850372883.00,296151295872.00,212748074000.00
STTP,2016,0.01341,2,174176717866.00,2336411494941.00,1167899357271.00,1987,2629107367897.00,168512137670.00,4178900000000.00
ULTJ,2016,0.03627,3,709825635742.00,4239199641365.00,749966146582.00,1971,4685987917355.00,3489233494783.00,13199905740000.00
GGRM,2016,0.00679,3,6672682000000.00,62951634000000.00,23387406000000.00,1971,76274147000000.00,39564228000000.00,122949223200000.00
HMSP,2016,0.04396,3,12762229000000.00,42508277000000.00,8333263000000.00,1963,95466657000000.00,34175014000000.00,445498234527000.00
RMBA,2016,0.04574,1,-2085811000000.00,13470943000000.00,4029576000000.00,1987,19228981000000.00,9441367000000.00,17618149945000.00
WIIM,2016,0.00980,3,106290306868.00,1353634132275.00,362540740471.00,1994,1685795530617.00,991093391804.00,923944454400.00
DVLA,2016,0.01708,3,152083400000.00,1531365558000.00,451785936000.00,1976,1451356680000.00,1079579612000.00,1965600000000.00
INAF,2016,0.00892,1,-17367399212.00,1381633321120.00,805876240489.00,1996,1674702722328.00,575757080631.00,14504571900000.00
KAEF,2016,0.01160,2,271597947663.00,4612562541064.00,2341155131870.00,1971,5811502656431.00,2271407409194.00,15273500000000.00
KLBF,2016,0.01082,3,2350884933551.00,15226009210657.00,2762162069572.00,1966,19374230957505.00,12463847141085.00,71015809996650.00
MERK,2016,0.02367,3,153842847000.00,743934894000.00,161262425000.00,1970,1034806890000.00,582672469000.00,4121600000000.00
PYFA,2016,0.00801,3,5146317041.00,167062795608.00,61554005181.00,1976,216951583953.00,105508790427.00,107016000000.00
SIDO,2016,0.00699,5,480525000000.00,2987614000000.00,229729000000.00,1975,2561806000000.00,2757885000000.00,7800000000000.00
TSPC,2016,0.01212,3,545493536262.00,6585807349438.00,1950534206746.00,1970,9138238993842.00,4635273142692.00,8865000000000.00
ADES,2016,0.01132,2,55951000000.00,767479000000.00,383091000000.00,1985,887663000000.00,384388000000.00,589896800000.00
MBTO,2016,0.01787,2,8813611079.00,709959168099.00,269032270377.00,1977,685443920925.00,440926897711.00,197950000000.00
MRAT,2016,0.01314,1,-5549465678.00,483037173864.00,113947973889.00,1978,344361345265.00,369089199975.00,89880000000.00
TCID,2016,0.10290,3,162059596347.00,2185101038101.00,401942530776.00,1969,2526776164168.00,1783158507325.00,2513333337500.00
UNVR,2016,0.01522,3,6390672000000.00,16745695000000.00,12041437000000.00,1933,40053732000000.00,4704258000000.00,296044000000000.00
KICI,2016,0.07451,1,362936663.00,139809135385.00,50799380910.00,1974,99382027031.00,89009754475.00,33120000000.00
LMPI,2016,0.00323,3,6933035457.00,810364824722.00,402192705158.00,1972,411945398299.00,408172119564.00,136149885315.00
INTP,2015,0.01634,3,4356661000000.00,27638360000000.00,3772410000000.00,1985,17798055000000.00,23865950000000.00,82183497680175.00
SMBR,2015,0.00340,3,354180062000.00,3268667933000.00,319315349000.00,1974,1461248284000.00,2949352584000.00,2862764443500.00
SMCB,2015,0.02621,2,199488000000.00,17321565000000.00,8871708000000.00,1971,9239022000000.00,8449857000000.00,7624585500000.00
SMGR,2015,0.02904,3,4525441038000.00,38153118932000.00,10712320531000.00,1953,26948004471000.00,27440798401000.00,67619328000000.00
WTON,2015,0.44234,3,171784021770.00,4456097502805.00,2192672341189.00,1997,2652622140207.00,2263425161325.00,7190259945000.00
AMFG,2015,0.01893,3,341346000000.00,4270275000000.00,880052000000.00,1971,3665989000000.00,3390223000000.00,2842700000000.00
ARNA,2015,0.09166,3,71209943348.00,1430779475454.00,546050998398.00,1993,1291926384471.00,894728477056.00,3670715488000.00
IKAI,2015,0.12212,4,-108888289285.00,390042617783.00,321009676687.00,1991,141199773647.00,69032941096.00,90217751604.00
KIAS,2015,0.06919,5,-163719244899.00,2124390696519.00,310906059952.00,1968,800392438557.00,1813484636567.00,1343619000000.00
MLIA,2015,0.04165,4,-155911654000.00,7125800277000.00,6010681233000.00,1986,5713989433000.00,1115119044000.00,681345000000.00
TOTO,2015,0.01425,2,285236780659.00,2439540859205.00,947997940099.00,1977,2278673871193.00,1491542919106.00,71724000000000.00
ALKA,2015,0.00962,5,-1175538000.00,144628405000.00,82596104000.00,1972,749146492000.00,62032301000.00,74626763085.00
ALMI,2015,0.01762,5,-53613905767.00,2189037586057.00,1623926585475.00,1978,3333329653540.00,565111000582.00,121968000000.00
BAJA,2015,0.05549,3,-9349900882.00,948682681142.00,787054604088.00,1993,1251193634272.00,161627612352.00,151200000000.00
BTON,2015,0.06240,4,6323778025.00,183116245288.00,34011648533.00,1995,67679530150.00,149104596755.00,78300000000.00
GDST,2015,0.06361,5,-55212703852.00,1183934183257.00,379524183280.00,1989,913792626540.00,804409999977.00,483800000000.00
INAI,2015,0.00965,2,28615673167.00,1330259296537.00,1090438393880.00,1971,1384675922166.00,239820902657.00,128304000000.00
ISSP,2015,0.00000,2,158999000000.00,5448447000000.00,2894972000000.00,1971,3583541000000.00,2553475000000.00,1350966502580.00
JKSW,2015,0.03233,5,-23096657780.00,265280458589.00,705813376884.00,1974,143408228411.00,-440532918295.00,10200000000.00
JPRS,2015,0.05048,5,-21989704979.00,363265042157.00,30806011707.00,1973,143326451256.00,332459030450.00,90000000000.00
LION,2015,0.03102,3,46018637487.00,639330150373.00,184730654202.00,1972,389251192409.00,454599496171.00,546016800000.00
LMSH,2015,0.04358,3,1944443395.00,133782751041.00,21341373897.00,1982,174598965938.00,112441377144.00,55200000000.00
PICO,2015,0.00058,3,14975406018.00,605788310444.00,358697326131.00,1983,699310599565.00,247090984313.00,72752000000.00
BUDI,2015,0.00579,2,21072000000.00,3265953000000.00,2160702000000.00,1979,2378805000000.00,1105251000000.00,283436833806.00
DPNS,2015,0.12483,5,9859176172.00,274483110371.00,33187031327.00,1982,118475319120.00,241296079044.00,128147291424.00
EKAD,2015,0.01118,3,47040256456.00,389691595500.00,97730178889.00,1981,531537606573.00,291961416611.00,279510000000.00
ETWA,2015,0.08844,2,-224231055302.00,1332731163136.00,1256957157713.00,1992,395798115446.00,75774005423.00,75527166000.00
INCI,2015,0.01435,2,16960660023.00,169546066314.00,15494757317.00,1981,136668408270.00,154051308997.00,55215844580.00
SRSN,2015,0.00555,1,15504788000.00,574073314000.00,233993478000.00,1982,531573325000.00,340079836000.00,301000000000.00
AKKU,2015,0.07562,1,-1351411009.00,7648193813.00,5056759968.00,2001,5285277438.00,2591433846.00,75900000000.00
AKPI,2015,0.00379,1,27644714000.00,2883143132000.00,1775577239000.00,1980,2017466511000.00,1107565893000.00,595000000000.00
APLI,2015,0.01683,2,1854274736.00,308620387248.00,87059306497.00,1992,260667211707.00,221561080751.00,97500000000.00
BRNA,2015,0.13310,5,440171662000.00,1820783911000.00,992869623000.00,1969,1278353442000.00,827914288000.00,554070000000.00
IGAR,2015,0.02280,3,51416184307.00,383936040590.00,73471782127.00,1975,677331846043.00,310464258463.00,217773808000.00
SIAP,2015,0.05749,1,-36848228295.00,277982362215.00,253767988281.00,1994,243495193479.00,24214373933.00,1992000000000.00
CPIN,2015,0.04750,2,1832598000000.00,24684915000000.00,6419646000000.00,1972,30107727000000.00,12561427000000.00,42634800000000.00
JPFA,2015,0.00942,3,524484000000.00,17159466000000.00,11049774000000.00,1971,25022913000000.00,6109692000000.00,6769432047850.00
MAIN,2015,0.07458,1,-62097227000.00,3962068064000.00,2143482767000.00,1997,4775014772000.00,1548585297000.00,3414093750000.00
SIPD,2015,0.09401,3,-362030918107.00,2246770166899.00,1512527888605.00,1985,2113148210101.00,734242278294.00,798244265000.00
TIRT,2015,0.05978,3,8862954752.00,779006839381.00,687989521590.00,1981,452409636158.00,91017317791.00,50588737500.00
FASW,2015,0.03436,2,-308896601295.00,6993634266969.00,4548288087745.00,1987,4959998929211.00,2445346179224.00,2577004338480.00
KBRI,2015,0.04975,1,-155746630931.00,1455931208462.00,934677601389.00,1978,241207422568.00,521253607073.00,434399786700.00
KDSI,2015,0.04019,1,11470563293.00,1177093668866.00,798172379792.00,1973,1713946192967.00,378921289074.00,77355000000.00
SPMA,2015,0.02313,3,-42597342144.00,2185464365772.00,1390005205106.00,1976,1621516334166.00,752677119911.00,153680805774.00
KRAH,2015,0.05725,1,-7624768157.00,533537626101.00,356965176950.00,1990,283205794372.00,176572449151.00,2126906100000.00
ASII,2015,0.02107,3,15613000000000.00,245435000000000.00,118902000000000.00,1957,184196000000000.00,126553000000000.00,242901318840000.00
AUTO,2015,0.03162,3,322701000000.00,14339110000000.00,4195684000000.00,1991,11723787000000.00,10143426000000.00,7711572800000.00
GJTL,2015,0.01871,2,-313326000000.00,17509505000000.00,12115363000000.00,1951,12970237000000.00,5349142000000.00,1846944000000.00
IMAS,2015,0.01718,2,-22489430531.00,24860957839497.00,18163865982392.00,1997,18099797832015.00,6697091857105.00,6539883444380.00
INDS,2015,0.03556,3,1933819152.00,2553928346219.00,634889428231.00,1978,1659505639261.00,1919038917988.00,229687398500.00
LPIN,2015,0.05067,2,-18173655308.00,324054785283.00,207564071081.00,1982,77790171689.00,116490714202.00,139187500000.00
HDTX,2015,0.03449,2,-355659019000.00,4878367904000.00,3482406080000.00,1973,1401541455000.00,1395961824000.00,3187294578000.00
MYTX,2015,0.05599,1,-263871000000.00,1944326000000.00,2512252000000.00,1987,1891190000000.00,-567926000000.00,74799995427.00
RICY,2015,0.00257,3,13465713464.00,1198193867892.00,798114824380.00,1987,1111051293008.00,400079043512.00,102033084090.00
SSTM,2015,0.00119,3,-10462177146.00,721884167684.00,477792694823.00,1972,506180498366.00,244091472861.00,60887277412.00
STAR,2015,0.00019,5,306885570.00,729020553284.00,239344544398.00,2008,258967329940.00,489676008886.00,240000030100.00
TRIS,2015,0.02341,3,37448445764.00,574346433075.00,245138356170.00,2004,859743472895.00,329208076905.00,313633897500.00
UNIT,2015,0.00055,1,385953128.00,460539382206.00,217565067467.00,1988,118260140704.00,242974314739.00,19609772000.00
BATA,2015,0.05056,4,129519446000.00,795257974000.00,248070766000.00,1931,1028850578000.00,547187208000.00,1170000000000.00
BIMA,2015,0.11693,3,-771373985.00,99558394760.00,301570909687.00,1988,222363830677.00,-202012514927.00,30100000000.00
AISA,2015,0.01408,2,373750000000.00,9060979000000.00,5094072000000.00,1990,6010895000000.00,3966907000000.00,3785606000000.00
ALTO,2015,0.01437,3,-24345726797.00,1180228072164.00,673255888637.00,1997,301781831914.00,506972183527.00,710621601950.00
CEKA,2015,0.02056,2,106549446980.00,1485826210015.00,845932695663.00,1968,3485733830354.00,639893514352.00,401625000000.00
DLTA,2015,0.06797,3,192045199000.00,1038321916000.00,188700435000.00,1970,699506819000.00,849621481000.00,4163427060000.00
ICBP,2015,0.00423,3,2923148000000.00,26560624000000.00,10173713000000.00,2009,31741094000000.00,16386911000000.00,78572105150000.00
INDF,2015,0.01042,3,3709501000000.00,91831526000000.00,48709933000000.00,1990,64061947000000.00,43121593000000.00,45438707137500.00
MLBI,2015,0.21674,3,496909000000.00,2100853000000.00,1334373000000.00,1929,2696318000000.00,766480000000.00,17277400000000.00
MYOR,2015,0.04794,3,1250233128560.00,11342715666221.00,6148255759034.00,1977,14818730635847.00,5194459927187.00,27277613664500.00
PSDN,2015,0.05230,1,-42619829577.00,620398854182.00,296079753266.00,1974,920352848084.00,324319100916.00,175680000000.00
ROTI,2015,0.00731,2,270538700440.00,2706323637034.00,1517788685162.00,1995,2174501712899.00,1188534951872.00,6403177000000.00
SKBM,2015,0.04424,2,40150568621.00,764484248710.00,420396809051.00,1973,1362245580664.00,764484248710.00,885021694830.00
SKLT,2015,0.00803,3,20066791849.00,377110748359.00,225066080248.00,1976,745107731208.00,152044668111.00,255573985000.00
STTP,2015,0.01269,2,185705201171.00,1919568037170.00,910758598913.00,1987,2544277844656.00,1008809438257.00,3949650000000.00
ULTJ,2015,0.02562,3,523100215029.00,3539995910248.00,742490216326.00,1971,4393932684171.00,2797505693922.00,11394666990000.00
GGRM,2015,0.00767,3,6452834000000.00,63505413000000.00,25497504000000.00,1971,70365573000000.00,38007909000000.00,105824840000000.00
HMSP,2015,0.06275,2,10363308000000.00,38010724000000.00,5994664000000.00,1963,89069306000000.00,32016060000000.00,437355969144000.00
RMBA,2015,0.02268,1,-856979000000.00,12667314000000.00,15816071000000.00,1987,16814352000000.00,-3148757000000.00,3692402550000.00
WIIM,2015,0.01174,2,131081111587.00,1342700045391.00,398991064485.00,1994,1839419574956.00,943708980906.00,902945716800.00
DVLA,2015,0.02055,3,107894430000.00,1376278237000.00,402860903000.00,1976,1306098136000.00,973517334000.00,1456000000000.00
INAF,2015,0.02574,2,6565707419.00,1533708564241.00,940999667498.00,1996,1621898667657.00,592708896744.00,520676940000.00
KAEF,2015,0.00486,3,252972506074.00,3236224076311.00,1374127253841.00,1971,4860371483524.00,1862096822470.00,4831980000000.00
KLBF,2015,0.01293,3,2057694281873.00,13696417381439.00,2758131396170.00,1966,17887464223321.00,10938285985269.00,61875161185200.00
MERK,2015,0.01753,3,142545462000.00,641646818000.00,168103536000.00,1970,983446471000.00,473543282000.00,392046668925.00
PYFA,2015,0.01060,3,3087104465.00,159951537229.00,58729478032.00,1976,217843921422.00,101222059197.00,59928960000.00
SIDO,2015,0.00000,3,437475000000.00,2796111000000.00,197197000000.00,1975,2218536000000.00,2598314000000.00,8250000000000.00
TSPC,2015,0.01704,3,529218651807.00,6284729099203.00,1947588124083.00,1970,8181481867179.00,4337140975120.00,7875000000000.00
ADES,2015,0.04099,2,32839000000.00,653224000000.00,324855000000.00,1985,669725000000.00,328369000000.00,598745252000.00
MBTO,2015,0.02408,2,-14056549894.00,648899377240.00,214685781274.00,1977,694782752351.00,434213595966.00,149800000000.00
MRAT,2015,0.01507,1,1045990311.00,497090038108.00,120064018299.00,1978,428092732505.00,377026019809.00,89024000000.00
TCID,2015,0.09260,5,544474278014.00,2082096848703.00,367225370670.00,1969,2314889854074.00,1714871478033.00,3317600005500.00
UNVR,2015,0.01698,3,5851805000000.00,15729945000000.00,10902585000000.00,1933,36484030000000.00,4827360000000.00,282310000000000.00
KICI,2015,0.09289,1,-13000883220.00,133831888816.00,40460281468.00,1974,91734724118.00,93371607348.00,34500000000.00
LMPI,2015,0.01061,3,3968046308.00,793093512600.00,391881675091.00,1972,452693585202.00,793093512600.00,113962496597.00
INTP,2014,0.01407,3,5274009000000.00,28884973000000.00,4100172000000.00,1985,19996264000000.00,24784801000000.00,92030792475000.00
SMBR,2014,0.07818,3,328336316000.00,2926360857000.00,209113746000.00,1974,1214914932000.00,2717247111000.00,3748155508500.00
SMCB,2014,0.03662,2,668869000000.00,17199304000000.00,8436760000000.00,1971,10528723000000.00,8758592000000.00,16743436500000.00
SMGR,2014,0.01159,3,5567659839000.00,34331674737000.00,9326744733000.00,1953,26987035135000.00,25004930004000.00,96090624000000.00
WTON,2014,0.43132,2,322403851254.00,3802658881174.00,1576555487820.00,1997,3277195052159.00,2225777452338.00,11330106580000.00
AMFG,2014,0.01133,3,464152000000.00,3946125000000.00,880052000000.00,1971,3672186000000.00,3101440000000.00,3493700000000.00
ARNA,2014,0.02267,3,261651053219.00,1259938133543.00,346944901743.00,1993,1609758677687.00,912230541132.00,6387044949120.00
IKAI,2014,0.01967,4,-26511071474.00,518546655125.00,339889432972.00,1991,262321356543.00,178657222154.00,93383286748.00
KIAS,2014,0.00999,3,118732268918.00,2352542603065.00,235745579997.00,1968,898976979994.00,2116797023068.00,2194577700000.00
MLIA,2014,0.04315,4,125013335000.00,7215152320000.00,5894580221000.00,1986,5629696723000.00,1321572099000.00,694575000000.00
TOTO,2014,0.00974,3,293803908949.00,2027288639678.00,796096371054.00,1977,2053630374083.00,1231192322624.00,3926223360000.00
ALKA,2014,0.01828,1,2659254000.00,244879397000.00,181643493000.00,1972,1230364713000.00,63235904000.00,91379709900.00
ALMI,2014,0.00465,1,1948963064.00,3212438981224.00,2571403202989.00,1978,3336087554837.00,641035778235.00,165088000000.00
BAJA,2014,0.06378,1,14077852427.00,974632970453.00,786309001839.00,1993,1229844640405.00,188323968614.00,534600000000.00
BTON,2014,0.06744,5,7630330090.00,174157547015.00,27517328111.00,1995,96008496750.00,146640218904.00,97200000000.00
GDST,2014,0.04387,2,-13938294977.00,1354622569945.00,484174854654.00,1989,1215611781842.00,870447715291.00,844600000000.00
INAI,2014,0.01570,3,22058700759.00,897281657710.00,751439553825.00,1971,933462438255.00,145842103885.00,110880000000.00
ISSP,2014,0.00000,2,214895000000.00,0.00,3117249000000.00,1971,3367873000000.00,2325909000000.00,1710266104330.00
JKSW,2014,0.01615,5,-9631890621.00,302951001725.00,720387262240.00,1974,86480258028.00,-417436260515.00,10200000000.00
JPRS,2014,0.03033,5,-6930478877.00,370967708751.00,15334844453.00,1973,313636426234.00,355632864298.00,181500000000.00
LION,2014,0.05790,2,49001630102.00,600102716315.00,156123759272.00,1972,377622622150.00,443978957043.00,48374880000.00
LMSH,2014,0.14292,3,7403115436.00,139915598255.00,23964388443.00,1982,249072012369.00,115951209812.00,6192000000.00
PICO,2014,0.00383,3,16153616369.00,626626507164.00,395525304553.00,1983,604332286638.00,231101202611.00,90940000000.00
BUDI,2014,0.00793,2,28499000000.00,2476982000000.00,1563631000000.00,1979,2284211000000.00,913351000000.00,438592717734.00
DPNS,2014,0.10662,3,14519866284.00,268877322944.00,32794800672.00,1982,132775925237.00,236082522272.00,116888873056.00
EKAD,2014,0.01655,2,40756078282.00,411348790570.00,138149558606.00,1981,526573620057.00,273199231964.00,359869125000.00
ETWA,2014,0.07691,2,-142136321265.00,1331049053223.00,1029096728617.00,1992,1000086695089.00,301952324606.00,251757220000.00
INCI,2014,0.02403,5,11028221012.00,147992617351.00,10872710103.00,1981,110023088698.00,137119907248.00,43086462328.00
SRSN,2014,0.00554,2,14456260000.00,463347124000.00,134510685000.00,1982,472834591000.00,328836439000.00,301000000000.00
AKKU,2014,0.11942,5,-5945039944.00,90674071077.00,86809201934.00,2001,4261435256.00,3864869143.00,77165000000.00
AKPI,2014,0.00129,3,34690704000.00,2227042590000.00,1191196937000.00,1980,1945383031000.00,1035845653000.00,564400000000.00
APLI,2014,0.01526,3,9626571647.00,273126657794.00,47868731692.00,1992,294081114204.00,225257926102.00,121500000000.00
BRNA,2014,0.04146,3,56998824000.00,1334085916000.00,967711101000.00,1969,1258841240000.00,366374815000.00,486450000000.00
IGAR,2014,0.02331,3,54898874758.00,349894783575.00,86443556430.00,1975,737863227409.00,263451227145.00,306244417500.00
SIAP,2014,0.03531,2,-15758621856.00,302759429212.00,242527014044.00,1994,189724491714.00,60232415168.00,2022750000000.00
CPIN,2014,0.06696,2,1746644000000.00,20862439000000.00,9919150000000.00,1972,29150275000000.00,10943289000000.00,61984440000000.00
JPFA,2014,0.03776,3,384846000000.00,15730435000000.00,10440441000000.00,1971,24458880000000.00,5289994000000.00,10127496764500.00
MAIN,2014,0.09839,1,-84841276000.00,3530183618000.00,2449714632000.00,1997,4502078127000.00,1080468986000.00,3814830000000.00
SIPD,2014,0.00191,4,2064055454.00,2800914553878.00,1513908338484.00,1985,2505575102503.00,1287006215394.00,4977287501290.00
TIRT,2014,0.05933,5,37414286693.00,669092975225.00,572664846535.00,1981,461797534872.00,96428128689.00,87012628500.00
FASW,2014,0.03090,3,86745854950.00,5581000723345.00,3936322827206.00,1987,5456935920101.00,1644677896139.00,4088516498550.00
KBRI,2014,0.04213,1,-17526287252.00,1299315036743.00,622269749157.00,1978,34719548322.00,677045287586.00,434399786700.00
KDSI,2014,0.02368,1,85392670351.00,952177443047.00,555679416109.00,1973,1626232662544.00,396498026938.00,147420000000.00
SPMA,2014,0.02142,2,48602721399.00,2091957078669.00,1287357023670.00,1976,1550810295608.00,804600054999.00,293933191626.00
KRAH,2014,0.01811,1,31736104237.00,479240512199.00,292564821530.00,1990,286048380773.00,186675690669.00,786663900000.00
ASII,2014,0.01579,3,22125000000000.00,236029000000000.00,115705000000000.00,1957,201701000000000.00,120324000000000.00,300590382064500.00
AUTO,2014,0.03165,2,956409000000.00,14380926000000.00,4244369000000.00,1991,12255427000000.00,10136557000000.00,20242878600000.00
GJTL,2014,0.04352,2,296868000000.00,16042897000000.00,10059605000000.00,1951,13070734000000.00,5983292000000.00,4965840000000.00
IMAS,2014,0.02709,2,-67093347900.00,23471397834920.00,16744375200010.00,1997,19458165173088.00,6727022634910.00,11061113648000.00
INDS,2014,0.01232,3,127657349869.00,2282666078493.00,454347526616.00,1978,1866977260105.00,1828318551877.00,1049999536000.00
LPIN,2014,0.05943,5,-4130648465.00,185595748325.00,46315786933.00,1982,70155464867.00,139279961392.00,132812500000.00
HDTX,2014,0.04847,1,-105481256786.00,4221696886907.00,3607059196611.00,1973,1175464356704.00,614637690296.00,597702690000.00
MYTX,2014,0.02911,1,-158271000000.00,2041304000000.00,2310084000000.00,1987,2129058000000.00,-268780000000.00,187733321856.00
RICY,2014,0.00618,2,15111531641.00,1170752414106.00,774439342861.00,1987,1185443580242.00,396313081245.00,111658846740.00
SSTM,2014,0.00052,3,-12840297828.00,773663346934.00,514793507583.00,1972,519854661831.00,258869839351.00,120603645643.00
STAR,2014,0.00039,1,348916778.00,775917827931.00,285744500913.00,2008,228622027943.00,490173327018.00,240000030100.00
TRIS,2014,0.02726,2,35944155042.00,523900642605.00,214390227222.00,2004,746828922732.00,309510415383.00,371508436900.00
UNIT,2014,0.00047,5,396296296.00,440727374151.00,199073815553.00,1988,102448044300.00,241653558598.00,23984259600.00
BATA,2014,0.02781,3,70781440000.00,774891087000.00,345775482000.00,1931,1008727515000.00,429115605000.00,1436500000000.00
BIMA,2014,0.11974,3,10048996788.00,104058578348.00,297977547605.00,1988,286688094220.00,-193918969257.00,60200000000.00
AISA,2014,0.00942,2,378134000000.00,7371846000000.00,3779017000000.00,1990,5139974000000.00,3592829000000.00,6554417000000.00
ALTO,2014,0.01335,1,-10135298976.00,1239053626858.00,706402717818.00,1997,332402373397.00,532650909040.00,769657777504.00
CEKA,2014,0.01564,1,41001414954.00,1284150037341.00,746598865219.00,1968,3701868790192.00,537551172122.00,223125000000.00
DLTA,2014,0.01377,3,288073432000.00,991947134000.00,227473881000.00,1970,879253383000.00,764473253000.00,6245140590000.00
ICBP,2014,0.01438,3,2531681000000.00,24910211000000.00,9870264000000.00,2009,30022463000000.00,15039947000000.00,76385497400000.00
INDF,2014,0.01845,2,5146323000000.00,85938885000000.00,44710509000000.00,1990,63594452000000.00,41228376000000.00,59267878875000.00
MLBI,2014,0.16404,3,794883000000.00,2231051000000.00,1677254000000.00,1929,2988501000000.00,553797000000.00,25178650000000.00
MYOR,2014,0.04310,1,280369916242.00,10544129339088.00,6161636110330.00,1977,3456375356421.00,4382491228758.00,18691872970100.00
PSDN,2014,0.04617,3,-28175252332.00,620928440332.00,242353749501.00,1974,975081057089.00,378574690831.00,205920000000.00
ROTI,2014,0.02105,2,188577521074.00,2142894276216.00,1182771921472.00,1995,1880262901697.00,960122354744.00,7010593000000.00
SKBM,2014,0.04907,2,89115994107.00,649534031113.00,331624254750.00,1973,1480764903724.00,317909960109.00,908434967180.00
SKLT,2014,0.00907,3,16480714984.00,331574891637.00,178206785017.00,1976,681419524161.00,153368106620.00,207222150000.00
STTP,2014,0.00934,2,123465403938.00,1700204093895.00,882610280834.00,1987,2170464194350.00,817593813061.00,3772800000000.00
ULTJ,2014,0.02467,3,283360914211.00,2917083567355.00,651985807625.00,1971,3916789366423.00,2265097759730.00,10744781040000.00
GGRM,2014,0.00584,2,5395293000000.00,58220600000000.00,24991880000000.00,1971,65185850000000.00,33228720000000.00,116792141600000.00
HMSP,2014,0.01806,3,10181083000000.00,28380630000000.00,14882516000000.00,1963,80690139000000.00,13498114000000.00,298714599000000.00
RMBA,2014,0.03341,1,-944454000000.00,10821467000000.00,12102506000000.00,1987,14489473000000.00,-1281039000000.00,3764802600000.00
WIIM,2014,0.02184,2,112304822060.00,1332907675785.00,478482577195.00,1994,1661533200316.00,854425098590.00,1312421100000.00
DVLA,2014,0.03661,3,80929476000.00,1236247525000.00,273816042000.00,1976,1103821775000.00,962431483000.00,1892800000000.00
INAF,2014,0.03884,3,1164824606.00,1248343275406.00,656380082912.00,1996,1381436578115.00,591963192495.00,1100239962500.00
KAEF,2014,0.00978,2,236531070864.00,2968184626297.00,1157040676384.00,1971,4521024379759.00,1811143949913.00,8136610000000.00
KLBF,2014,0.00943,3,2121090581630.00,12425032367729.00,2607556689283.00,1966,17368532547558.00,9817475678446.00,85781473461300.00
MERK,2014,0.03648,3,181472234000.00,716559526000.00,162908670000.00,1970,863207535000.00,553690856000.00,3584000000000.00
PYFA,2014,0.01274,3,2657665405.00,172736624689.00,76177686068.00,1976,222302407528.00,96558938621.00,72235800000.00
SIDO,2014,0.00000,3,415193000000.00,2821399000000.00,186740000000.00,1975,2197907000000.00,2634659000000.00,9150000000000.00
TSPC,2014,0.01639,3,584293062124.00,5592730492960.00,1460391494410.00,1970,7512115037587.00,4132338998550.00,12892500000000.00
ADES,2014,0.07672,3,31021000000.00,504865000000.00,209066000000.00,1985,578784000000.00,295799000000.00,811108100000.00
MBTO,2014,0.03581,5,2925070199.00,619383082066.00,165633948162.00,1977,671398849823.00,453749133904.00,214000000000.00
MRAT,2014,0.04190,1,7371973842.00,498786376745.00,114841797856.00,1978,434747101600.00,383944578889.00,149800000000.00
TCID,2014,0.01266,2,174314394101.00,1853235343636.00,569730901368.00,1969,2308203551971.00,1283504442268.00,3523693339175.00
UNVR,2014,0.00142,3,5738523000000.00,14280670000000.00,9681888000000.00,1933,34511534000000.00,4598782000000.00,246449000000000.00
KICI,2014,0.02585,3,4703508241.00,96745744221.00,18065657377.00,1974,102971318497.00,78680086844.00,36984000000.00
LMPI,2014,0.00990,3,1710590575.00,808892238344.00,409761454151.00,1972,513547309970.00,399130784193.00,176490592075.00
INTP,2013,0.01048,3,5012294000000.00,26607241000000.00,3629554000000.00,1985,18691286000000.00,22977687000000.00,73624633980000.00
SMBR,2013,0.07939,2,312183836000.00,2711416335000.00,244459581000.00,1974,1168607832000.00,2466956754000.00,3246433905000.00
SMCB,2013,0.02419,2,952305000000.00,14897220000000.00,6122043000000.00,1971,9686262000000.00,8772947000000.00,17433097500000.00
SMGR,2013,0.01381,3,5354298521000.00,30833102777000.00,8988908217000.00,1953,24501240780000.00,21803975875000.00,83931008000000.00
WTON,2013,0.43310,2,2412016242000.00,2917400751000.00,2187382982000.00,1997,2643724434000.00,730017770000.00,0.00
AMFG,2013,0.01483,3,338378000000.00,3539393000000.00,778666000000.00,1971,3216480000000.00,2760727000000.00,3038000000000.00
ARNA,2013,0.04716,3,237697913883.00,1135244802060.00,366754918531.00,1993,1417640229330.00,768489883529.00,6019973400320.00
IKAI,2013,0.00743,4,-43088025688.00,482057048870.00,276648973235.00,1991,211523292543.00,205408075635.00,110793730040.00
KIAS,2013,0.02485,3,75360306268.00,2270904910518.00,223804349608.00,1968,910845835792.00,2047100560910.00,2314010500000.00
MLIA,2013,0.03494,4,-474045653000.00,7189899445000.00,5999787094000.00,1986,5197009630000.00,1190112351000.00,562275000000.00
TOTO,2013,0.01408,3,236557513162.00,1746177682568.00,710527268893.00,1977,1711306783682.00,1035650413675.00,1901687040000.00
ALKA,2013,0.02198,1,-315494000.00,241912806000.00,182253663000.00,1972,1099620270000.00,59659143000.00,60919806600.00
ALMI,2013,0.00565,1,26118732307.00,2752078229707.00,2094736673254.00,1978,2871313447075.00,657341556453.00,92400000000.00
BAJA,2013,0.06659,3,-77122673610.00,842928433004.00,668682316817.00,1993,1052131125561.00,174246116187.00,1998000000000.00
BTON,2013,0.01194,5,25882922986.00,176136296407.00,37318882613.00,1995,113547870414.00,138817413794.00,99000000000.00
GDST,2013,0.03117,5,91885687801.00,1191496619152.00,307084100134.00,1989,1410117393010.00,884412519018.00,705200000000.00
INAI,2013,0.02177,3,5019540731.00,765881409376.00,639563606250.00,1971,640702671875.00,126317803126.00,47520000000.00
ISSP,2013,0.00000,2,203561000000.00,0.00,2459118000000.00,1971,3534018000000.00,1934459000000.00,1034782853040.00
JKSW,2013,0.02515,5,-7968797416.00,262386019471.00,670190389365.00,1974,91708035390.00,-407804389365.00,14700000000.00
JPRS,2013,0.03219,5,15045492572.00,376540741943.00,14019207792.00,1973,195247201170.00,362521534151.00,202500000000.00
LION,2013,0.03542,3,64761350816.00,498567897161.00,88783559318.00,1972,333674349966.00,415784337843.00,62419200000.00
LMSH,2013,0.21724,2,14382899194.00,141697598705.00,31229504329.00,1982,256210760822.00,110468094376.00,7680000000.00
PICO,2013,0.00308,1,15439372429.00,621400236614.00,406365304333.00,1983,684448835016.00,215034932281.00,88098125000.00
BUDI,2013,0.01377,3,42886000000.00,2382875000000.00,1497754000000.00,1979,2568954000000.00,885121000000.00,446790712458.00
DPNS,2013,0.14958,5,66813230321.00,256372669050.00,32994704261.00,1982,131333196189.00,223427964789.00,155631077440.00
EKAD,2013,0.01163,2,39450652821.00,343601504089.00,105893942734.00,1981,418668758096.00,237707561355.00,272522250000.00
ETWA,2013,0.05710,1,7911201004.00,1291711270379.00,846050835530.00,1992,1206066005447.00,445660434849.00,353428405000.00
INCI,2013,0.11279,2,10331808096.00,136142063219.00,10050376983.00,1981,81244267131.00,126091686236.00,43448533440.00
SRSN,2013,0.01534,3,15994295000.00,420782548000.00,106406914000.00,1982,392315526000.00,314375634000.00,301000000000.00
AKKU,2013,0.37069,3,-1460331413.00,45208352407.00,42758443320.00,2001,6319113328.00,2449909087.00,70150000000.00
AKPI,2013,0.01002,1,34620336000.00,2084567189000.00,1055230963000.00,1980,1663385190000.00,1029336226000.00,550800000000.00
APLI,2013,0.02306,3,1881586263.00,303594490546.00,85871301621.00,1992,281551386863.00,217723188925.00,97500000000.00
BRNA,2013,0.04634,3,-12219421000.00,1125132715000.00,819251536000.00,1969,960999965000.00,305881179000.00,313950000000.00
IGAR,2013,0.02275,3,35030416158.00,314746644499.00,89003869709.00,1975,643403327263.00,225742774790.00,286800327500.00
SIAP,2013,0.02333,1,-5779119179.00,272597818158.00,172583639412.00,1994,245690436569.00,100014178746.00,369750000000.00
CPIN,2013,0.05312,2,2528690000000.00,15722197000000.00,5771297000000.00,1972,25662992000000.00,9590900000000.00,55343250000000.00
JPFA,2013,0.02785,2,640637000000.00,14917590000000.00,9672368000000.00,1971,21412085000000.00,5245222000000.00,13005837950200.00
MAIN,2013,0.03083,2,241632645000.00,2214398692000.00,1351915503000.00,1997,4193082465000.00,862483189000.00,5381625000000.00
SIPD,2013,0.00319,2,8377508652.00,3155680394480.00,1870560118674.00,1985,3854271748057.00,1285120275806.00,4695554246500.00
TIRT,2013,0.02736,1,-39709507051.00,636022602621.00,570439822251.00,1981,356017629271.00,65582780370.00,52612287000.00
FASW,2013,0.03570,3,-249057875558.00,5692060407681.00,4134128366492.00,1987,4960825518081.00,1557932041189.00,5017724793675.00
KBRI,2013,0.04493,1,-24216555605.00,788749190752.00,95512957713.00,1978,11868785724.00,693236233039.00,434399786700.00
KDSI,2013,0.01348,2,36002772194.00,850233842186.00,498224954613.00,1973,1386314584485.00,352008887573.00,139725000000.00
SPMA,2013,0.02091,3,-23856512660.00,1767105818949.00,1011571248744.00,1976,1395838227179.00,755534570205.00,313329798180.00
KRAH,2013,0.04505,1,31763813704.00,329229682963.00,174290096531.00,1990,307864659331.00,154939586432.00,281645100000.00
ASII,2013,0.01671,3,22297000000000.00,213994000000000.00,107806000000000.00,1957,193880000000000.00,106188000000000.00,275288161352000.00
AUTO,2013,0.03737,2,1058015000000.00,12617678000000.00,3058924000000.00,1991,10701988000000.00,9558754000000.00,17592025450000.00
GJTL,2013,0.04059,2,120330000000.00,15350754000000.00,9626411000000.00,1951,12352917000000.00,5724343000000.00,5854464000000.00
IMAS,2013,0.02367,1,621139761829.00,22315022507630.00,15655152396933.00,1997,20094736395135.00,6659870110697.00,13549864218800.00
INDS,2013,0.01953,2,147608449013.00,2196518364473.00,443652749965.00,1978,1702447098851.00,1752865614508.00,1123500000000.00
LPIN,2013,0.02642,4,8554996356.00,196390816224.00,52980206367.00,1982,77231127337.00,143410609857.00,102531250000.00
HDTX,2013,0.05911,2,-218654504263.00,2378728273722.00,1658609326640.00,1973,1057343006058.00,720118947082.00,636016965000.00
MYTX,2013,0.02541,2,-49786983213.00,2095467423419.00,2199024993140.00,1987,1900301509218.00,-103557569721.00,447333305985.00
RICY,2013,0.00679,1,8720546989.00,1109865329758.00,728675060830.00,1987,984185102135.00,381190268929.00,111017129230.00
SSTM,2013,0.00671,3,-13228135718.00,801866397035.00,530156259856.00,1972,573748747725.00,271710137179.00,92501825299.00
STAR,2013,0.00153,3,569455861.00,749402740231.00,259578391395.00,2008,274141734113.00,489824348836.00,240000000000.00
TRIS,2013,0.00702,2,48195237468.00,449008821261.00,166702353369.00,2004,670290947164.00,282306467893.00,401039200000.00
UNIT,2013,0.00488,2,831855726.00,459118935528.00,217861673225.00,1988,101886214646.00,241257262302.00,18855550000.00
BATA,2013,0.02940,3,44373679000.00,680685060000.00,283831895000.00,1931,902459209000.00,396853165000.00,1378000000000.00
BIMA,2013,0.09426,3,-16149760144.00,118007059098.00,321975025143.00,1988,279150207182.00,-203967966045.00,60200000000.00
AISA,2013,0.01486,1,346728000000.00,5020824000000.00,2664051000000.00,1990,4056735000000.00,2356773000000.00,4179318000000.00
ALTO,2013,0.00000,1,12058794054.00,1502519389759.00,960189991593.00,1997,487200477334.00,542329398759.00,1245258050790.00
CEKA,2013,0.03364,5,65058958558.00,1069627299747.00,541352365829.00,1968,2531881182546.00,528274933918.00,172550000000.00
DLTA,2013,0.04862,3,270498062000.00,867040802000.00,190482809000.00,1970,867066542000.00,676557993000.00,6085008780000.00
ICBP,2013,0.01595,2,2235040000000.00,21267470000000.00,8001739000000.00,2009,25094681000000.00,13265731000000.00,59475730800000.00
INDF,2013,0.02493,2,3416635000000.00,78092789000000.00,39719660000000.00,1990,57531998000000.00,38373129000000.00,57950814900000.00
MLBI,2013,0.14626,3,1171229000000.00,1782148000000.00,794615000000.00,1929,3561989000000.00,987533000000.00,252840000000000.00
MYOR,2013,0.01789,3,1058418939252.00,9709838250473.00,5771077430823.00,1977,12017837133337.00,3938760819650.00,23253047714000.00
PSDN,2013,0.00325,3,21322248834.00,681832333141.00,264232599978.00,1974,1279553071584.00,417599733163.00,216000000000.00
ROTI,2013,0.01956,2,158015270921.00,1822689047108.00,1035351397437.00,1995,1505519937691.00,787337649671.00,5163036000000.00
SKBM,2013,0.04355,2,58266986268.00,497652557672.00,296528343161.00,1973,1296618257503.00,201124214511.00,415553469120.00
SKLT,2013,0.00505,3,11440014188.00,301989488699.00,162339135063.00,1976,567048547543.00,139650353636.00,124333290000.00
STTP,2013,0.01614,2,114437068803.00,1470059394892.00,775930985779.00,1987,1694935468814.00,694128409113.00,2030500000000.00
ULTJ,2013,0.05100,3,325127420664.00,2811620982142.00,796474448056.00,1971,3460231249075.00,2015146534086.00,12997719000000.00
GGRM,2013,0.02084,2,4383932000000.00,50770251000000.00,21353980000000.00,1971,55436954000000.00,29416271000000.00,80811696000000.00
HMSP,2013,0.01872,3,10818486000000.00,27404594000000.00,13249559000000.00,1963,75025207000000.00,14155035000000.00,271518084000000.00
RMBA,2013,0.08102,1,-1042068000000.00,9232016000000.00,8350151000000.00,1987,12273615000000.00,881865000000.00,4126802850000.00
WIIM,2013,0.05580,5,132322207861.00,1229011260881.00,447651956356.00,1994,1588022200150.00,781359304525.00,1406915419200.00
DVLA,2013,0.01721,3,125796473000.00,1190054288000.00,275351336000.00,1976,1101684170000.00,914702952000.00,2464000000000.00
INAF,2013,0.04405,1,-54222595302.00,1294510669195.00,703717301306.00,1996,1337498191710.00,590793367889.00,474187927500.00
KAEF,2013,0.00611,3,215642329977.00,2471939548890.00,847584859909.00,1971,4348073988385.00,1624354688981.00,3276860000000.00
KLBF,2013,0.00734,3,1970452449686.00,11315061275026.00,2815103309451.00,1966,16002131057048.00,8499957965575.00,58593902637500.00
MERK,2013,0.10576,3,175444757000.00,696946318000.00,184727696000.00,1970,1193952302000.00,512218622000.00,4233600000000.00
PYFA,2013,0.00423,1,6195800338.00,175118921406.00,81217648190.00,1976,192555731180.00,93901273216.00,78656760000.00
SIDO,2013,0.00000,3,405943000000.00,0.00,326051000000.00,1975,2372364000000.00,2625456000000.00,10500000000000.00
TSPC,2013,0.01124,3,638535108795.00,5407957915805.00,1545006061565.00,1970,6854889233121.00,3862951854240.00,14625000000000.00
ADES,2013,0.06741,3,55656000000.00,441064000000.00,176286000000.00,1985,502524000000.00,264778000000.00,1179793600000.00
MBTO,2013,0.02911,1,16162858075.00,611769745328.00,160451280610.00,1977,641284586295.00,451318464718.00,326350000000.00
MRAT,2013,0.04734,3,-6700373076.00,439583727200.00,61792400161.00,1978,358127545503.00,377791327039.00,199020000000.00
TCID,2013,0.00745,3,160148465833.00,1465952460752.00,282961770795.00,1969,2027899402527.00,1182990689957.00,2392693337300.00
UNVR,2013,0.00326,3,5352625000000.00,13348188000000.00,9093518000000.00,1933,30757435000000.00,4254670000000.00,198380000000000.00
KICI,2013,0.03687,3,7419500718.00,98295722100.00,24319143497.00,1974,99029696717.00,73976578603.00,37260000000.00
LMPI,2013,0.01184,4,-12040411197.00,822189506877.00,424769313259.00,1972,676111070762.00,397420193618.00,216831298835.00
INTP,2012,0.00655,3,4763388000000.00,22755160000000.00,3336422000000.00,1985,17290337000000.00,19418738000000.00,82643651642550.00
SMBR,2012,0.00000,3,298512523000.00,1198586407000.00,0.00,1974,1097679986000.00,0.00,0.00
SMCB,2012,0.01586,3,1350791000000.00,12168517000000.00,3750461000000.00,1971,9011076000000.00,8418056000000.00,22222410000000.00
SMGR,2012,0.02451,3,4926639847000.00,26579083786000.00,8414229138000.00,1953,19598247884000.00,18164854648000.00,94014592000000.00
WTON,2012,0.00000,2,179368110629.00,2401099745057.00,0.00,1997,2030596830905.00,0.00,0.00
AMFG,2012,0.01412,3,346609000000.00,3115421000000.00,658332000000.00,1971,2857310000000.00,2457089000000.00,3602200000000.00
ARNA,2012,0.04026,3,158684349130.00,937359770277.00,332551590871.00,1993,1113663603211.00,604808179406.00,752496675040.00
IKAI,2012,0.01570,4,-39675848691.00,507425275145.00,258539671311.00,1991,201204079453.00,248885603834.00,112376497612.00
KIAS,2012,0.02151,2,71039439692.00,2143814884435.00,168491645792.00,1968,780233550859.00,1975323238643.00,2612592500000.00
MLIA,2012,0.20374,3,-30363959000.00,6558955234000.00,5321387013000.00,1986,4580710119000.00,1237568221000.00,310905000000.00
TOTO,2012,0.01146,3,235945643357.00,1522663914388.00,624499013875.00,1977,1576763006759.00,898164900513.00,1642118400000.00
ALKA,2012,0.00637,4,5122929000.00,147882362000.00,93056183000.00,1972,836887168000.00,54826179000.00,55843156050.00
ALMI,2012,0.01083,4,13949141063.00,1881568513922.00,1293685492896.00,1978,3221635031146.00,587883021026.00,100100000000.00
BAJA,2012,0.00815,1,18879858130.00,820451474171.00,563412684374.00,1993,1070846213089.00,257038789797.00,918000000000.00
BTON,2012,0.04213,5,24761627150.00,145100528067.00,31921571823.00,1995,155005683770.00,113178956244.00,126000000000.00
GDST,2012,0.05977,5,46591042719.00,1163971056842.00,371046594375.00,1989,1647928004308.00,792924462467.00,885600000000.00
INAI,2012,0.00545,1,23155488541.00,612224219835.00,483005957440.00,1971,582654361422.00,129218262395.00,35640000000.00
ISSP,2012,0.00000,2,0.00,0.00,0.00,1971,0.00,0.00,0.00
JKSW,2012,0.04152,3,-16452350718.00,278718823565.00,677941498373.00,1974,86197771507.00,-399222674808.00,13200000000.00
JPRS,2012,0.03203,4,9610155243.00,398606524648.00,51097519438.00,1973,461125284696.00,347509005210.00,247500000000.00
LION,2012,0.03650,3,85373721654.00,433497042140.00,61667655113.00,1972,333921950207.00,371829387027.00,54096640000.00
LMSH,2012,0.22101,5,41282515026.00,128547715366.00,31022520184.00,1982,223079062667.00,97525195182.00,10080000000.00
PICO,2012,0.00190,4,11137571657.00,594616098268.00,395503093290.00,1983,593266859163.00,199113004978.00,147777500000.00
BUDI,2012,0.01439,2,5084000000.00,2299672000000.00,1445537000000.00,1979,2295369000000.00,854135000000.00,467285699268.00
DPNS,2012,0.07992,3,20608530035.00,184636344559.00,28939822487.00,1982,146690966909.00,155696522072.00,127485031520.00
EKAD,2012,0.01108,3,36197747370.00,273893467429.00,81915660390.00,1981,385037050333.00,191977807039.00,244571250000.00
ETWA,2012,0.03895,2,38559793625.00,960956808384.00,523207574539.00,1992,1002231896868.00,437749233845.00,300172070000.00
INCI,2012,0.10359,2,4443840864.00,132278839079.00,16518960939.00,1981,64628362916.00,115759878140.00,44353711220.00
SRSN,2012,0.01988,1,16956040000.00,402108960000.00,132904817000.00,1982,384145388000.00,269204143000.00,301000000000.00
AKKU,2012,0.31855,1,-2685529382.00,10582842395.00,6675164651.00,2001,1602611454.00,3907677745.00,37720000000.00
AKPI,2012,0.01500,3,31115755000.00,1714834430000.00,871567714000.00,1980,1509185293000.00,843266716000.00,544000000000.00
APLI,2012,0.03070,1,4203700813.00,333867300446.00,115231507057.00,1992,343677756488.00,218635793389.00,129000000000.00
BRNA,2012,0.00387,3,54496290000.00,770383930000.00,468553998000.00,1969,836986463000.00,301829932000.00,483000000000.00
IGAR,2012,0.03328,3,44507701367.00,312342760278.00,70313908037.00,1975,556445856927.00,242028852241.00,393750000000.00
SIAP,2012,0.00439,2,3389850176.00,184367259026.00,78573961101.00,1994,216731097634.00,105793297925.00,48600000000.00
CPIN,2012,0.06133,2,2680872000000.00,12348627000000.00,4172163000000.00,1972,21310925000000.00,8176464000000.00,59852700000000.00
JPFA,2012,0.02897,1,1064577000000.00,10961464000000.00,6198137000000.00,1971,17832702000000.00,4763327000000.00,2622488635860.00
MAIN,2012,0.01599,2,302421030000.00,1799881575000.00,1118011031000.00,1997,3349566738000.00,681870544000.00,4025625000000.00
SIPD,2012,0.01347,1,15061473532.00,3298213574771.00,2021380807617.00,1985,4354469720627.00,1276742767154.00,4695554246500.00
TIRT,2012,0.00537,2,-5469746567.00,514308968131.00,568610096052.00,1981,318812946855.00,132040154379.00,70824232500.00
FASW,2012,0.03115,3,5292462870.00,5578334207456.00,3771344290709.00,1987,3987782936544.00,1806989916747.00,6318616406850.00
KBRI,2012,0.36576,4,36542090733.00,740753171392.00,29296076634.00,1978,44640183225.00,711457094758.00,434399762100.00
KDSI,2012,0.01764,3,36837060793.00,570564051755.00,254557936376.00,1973,1301332627213.00,316006115379.00,200475000000.00
SPMA,2012,0.00207,2,39893050885.00,1664353264549.00,884860701242.00,1976,1274793105314.00,779492563307.00,432693530820.00
KRAH,2012,0.03347,1,14665962550.00,228798526560.00,192647366745.00,1990,243801725779.00,36151159815.00,0.00
ASII,2012,0.00662,3,22742000000000.00,182274000000000.00,92640000000000.00,1957,188053000000000.00,89814000000000.00,307675003864000.00
AUTO,2012,0.03847,2,1135914000000.00,8881642000000.00,3396543000000.00,1991,8277485000000.00,5485099000000.00,13680330147200.00
GJTL,2012,0.01489,3,1132247000000.00,12869793000000.00,7391409000000.00,1951,12578596000000.00,5478384000000.00,7753680000000.00
IMAS,2012,0.01267,1,899090885530.00,17577664024361.00,11869218951856.00,1997,19780838058900.00,5708445072505.00,14655975583600.00
INDS,2012,0.01257,3,134068283255.00,1664779358215.00,528206496386.00,1978,1476987701603.00,1136572861829.00,1236060000000.00
LPIN,2012,0.01337,5,16599848712.00,172268827993.00,37413214492.00,1982,68736656643.00,134855613501.00,218875000000.00
HDTX,2012,0.00887,2,3102049511.00,1362546557862.00,726954645506.00,1973,861614216195.00,635591912356.00,1455942450000.00
MYTX,2012,0.00836,1,-126172495055.00,1803323308102.00,1864250275649.00,1987,1519059182281.00,-60926967547.00,549999966375.00
RICY,2012,0.00126,2,16978453067.00,842498674322.00,475541284698.00,1987,749972702550.00,366957389624.00,111658846740.00
SSTM,2012,0.02061,3,-14137186803.00,810275583968.00,525337311071.00,1972,554471435919.00,284938272897.00,156901830254.00
STAR,2012,0.00317,1,920838273.00,751720620157.00,262465727182.00,2008,204735375950.00,489254892975.00,240000000000.00
TRIS,2012,0.00000,2,44393034558.00,366248271960.00,0.00,2004,558886515975.00,0.00,0.00
UNIT,2012,0.00438,2,352726678.00,300479731826.00,139475335813.00,1988,88465983753.00,240425406576.00,26020659000.00
BATA,2012,0.00835,3,69343398000.00,574107994000.00,186619508000.00,1931,751449338000.00,387488486000.00,7800000000.00
BIMA,2012,0.04530,3,2623173812.00,100100820531.00,287919026432.00,1988,243531037253.00,-187818205901.00,77400000000.00
AISA,2012,0.01456,3,253664000000.00,3867576000000.00,1834123000000.00,1990,2747623000000.00,2033453000000.00,3156408000000.00
ALTO,2012,0.00000,2,16305675308.00,891412775646.00,0.00,1997,498116221735.00,0.00,0.00
CEKA,2012,0.04256,2,58344237476.00,1027692718504.00,564289732196.00,1968,1123519657631.00,463402986308.00,193375000000.00
DLTA,2012,0.04675,3,213421077000.00,745306835000.00,147095322000.00,1970,719951793000.00,598211513000.00,4083361155000.00
ICBP,2012,0.00459,3,2282371000000.00,17819884000000.00,5835523000000.00,2009,21716913000000.00,11984361000000.00,45481441200000.00
INDF,2012,0.00558,3,4779446000000.00,59324207000000.00,25181533000000.00,1990,50059427000000.00,34142674000000.00,51365495025000.00
MLBI,2012,0.01404,3,453405000000.00,1152048000000.00,822195000000.00,1929,1566984000000.00,329853000000.00,155918000000000.00
MYOR,2012,0.01843,2,744428404309.00,8302506241903.00,5771077430823.00,1977,10510625669832.00,3938760819650.00,13141549512000.00
PSDN,2012,0.00330,2,25623404271.00,682611125989.00,273033834160.00,1974,1305116747447.00,409577291829.00,295200000000.00
ROTI,2012,0.04108,2,149149548025.00,1204944681223.00,538337083673.00,1995,855942273104.00,666607597550.00,1397056800000.00
SKBM,2012,0.00000,2,12703059881.00,288961557631.00,0.00,1973,753709821608.00,0.00,0.00
SKLT,2012,0.00382,3,7962693771.00,249746467756.00,120263906808.00,1976,401724215506.00,129482560948.00,124333290000.00
STTP,2012,0.01027,2,74626183474.00,1249840835890.00,670149495580.00,1987,1283736251902.00,576691340310.00,1375500000000.00
ULTJ,2012,0.05557,3,353431619485.00,2420793382029.00,744274268607.00,1971,2809851307439.00,1676519113422.00,3841548060000.00
GGRM,2012,0.01938,2,4068711000000.00,41509325000000.00,14903612000000.00,1971,49028696000000.00,26605713000000.00,108326154400000.00
HMSP,2012,0.05233,3,9945296000000.00,26247527000000.00,12939107000000.00,1963,66626123000000.00,13308420000000.00,260639478000000.00
RMBA,2012,0.05377,1,-323351000000.00,6935601000000.00,5011668000000.00,1987,9850010000000.00,1923933000000.00,4199202900000.00
WIIM,2012,0.00000,3,77301783553.00,1207251193900.00,0.00,1994,1119062225729.00,0.00,0.00
DVLA,2012,0.00474,3,148909089000.00,1074691476000.00,233144997000.00,1976,1087379869000.00,841546479000.00,1892800000000.00
INAF,2012,0.01006,1,42385114982.00,1188618790410.00,538516613421.00,1996,1156050256720.00,650102176989.00,1022758275000.00
KAEF,2012,0.00810,3,205763997378.00,2076347580785.00,634813891119.00,1971,3734241101309.00,1441533689666.00,4109960000000.00
KLBF,2012,0.00294,3,1775098847932.00,9417957180958.00,2046313566061.00,1966,13636405178957.00,7371643614897.00,53826876436600.00
MERK,2012,0.10371,3,107808155000.00,569430951000.00,152689086000.00,1970,929876824000.00,416741865000.00,3404800000000.00
PYFA,2012,0.00238,1,5308221363.00,135849510061.00,48144037183.00,1976,176730979672.00,87705472878.00,94709160000.00
SIDO,2012,0.00000,3,387538000000.00,0.00,0.00,1975,2391667000000.00,0.00,0.00
TSPC,2012,0.00088,3,635176093653.00,4632984970719.00,1279828890909.00,1970,6630809553343.00,3353156079810.00,16762500000000.00
ADES,2012,0.07235,3,83376000000.00,389094000000.00,179972000000.00,1985,476638000000.00,209122000000.00,1132601856000.00
MBTO,2012,0.01953,5,45523078819.00,609494013942.00,174931100594.00,1977,717788399047.00,434562913348.00,406600000000.00
MRAT,2012,0.00218,3,30751407882.00,455472778210.00,69586067037.00,1978,458197338824.00,385886711713.00,209720000000.00
TCID,2012,0.00327,3,150373851969.00,1261572952461.00,164751376547.00,1969,1851152825559.00,1096821575914.00,2211733337000.00
UNVR,2012,0.00727,3,4839145000000.00,11984979000000.00,8016614000000.00,1933,27303248000000.00,3968365000000.00,159085500000000.00
KICI,2012,0.01700,2,2259475494.00,94955970131.00,28398892246.00,1974,94787254405.00,66557077885.00,37260000000.00
LMPI,2012,0.00256,1,2340674019.00,815153025335.00,405692420520.00,1972,598259974490.00,409460604815.00,257172005595.00
INTP,2011,0.00605,3,3601516000000.00,18151331000000.00,2417380000000.00,1985,13887892000000.00,15733951000000.00,62765000467950.00
SMBR,2011,0.00000,3,251638004000.00,983055629000.00,0.00,1974,1050277051000.00,0.00,0.00
SMCB,2011,0.02209,3,1063560000000.00,10950501000000.00,3423241000000.00,1971,7523964000000.00,7527260000000.00,16666807500000.00
SMGR,2011,0.02796,3,3955272512000.00,19661602767000.00,5046505788000.00,1953,16378793758000.00,14615096979000.00,67915904000000.00
WTON,2011,0.00000,2,144422906815.00,1838842711607.00,0.00,1997,1635086530232.00,0.00,0.00
AMFG,2011,0.05717,3,336995000000.00,2690595000000.00,545395000000.00,1971,2596271000000.00,2145200000000.00,2842700000000.00
ARNA,2011,0.01918,3,95949405045.00,831507593676.00,348334308520.00,1993,922684829411.00,483173285156.00,167017554704.00
IKAI,2011,0.02337,4,-50623037636.00,548789990320.00,259914352655.00,1991,210970407747.00,288875637665.00,112376497612.00
KIAS,2011,0.01569,2,-20240243616.00,2049632940571.00,96660850880.00,1968,650546996469.00,1069983989288.00,665575000000.00
MLIA,2011,0.23752,3,-38125043000.00,6119185665000.00,4377279233000.00,1986,3883572416000.00,872575894000.00,588735000000.00
TOTO,2011,0.00959,3,218124016284.00,1339570029820.00,579028772664.00,1977,1341926755400.00,760541257156.00,123493248000.00
ALKA,2011,0.01415,3,9969564000.00,258483778000.00,209923344000.00,1972,873024320000.00,48560434000.00,55843156050.00
ALMI,2011,0.00646,3,32374760744.00,1791523164727.00,1274907058776.00,1978,3609867387594.00,516616105951.00,140140000000.00
BAJA,2011,0.01051,3,16618511000.00,673612869119.00,0.00,1993,900354986492.00,0.00,0.00
BTON,2011,0.03417,5,19146696476.00,118715558433.00,26590615175.00,1995,153646138180.00,92124943258.00,60300000000.00
GDST,2011,0.16723,5,99674949180.00,977462676010.00,232090004125.00,1989,2093544754762.00,745372671885.00,1057800000000.00
INAI,2011,0.04170,2,26356889656.00,544282443363.00,438219669509.00,1971,555886728181.00,106062773854.00,42768000000.00
ISSP,2011,0.00000,2,0.00,0.00,0.00,1971,0.00,0.00,0.00
JKSW,2011,0.01905,3,-2552823221.00,287131908141.00,669902232231.00,1974,142107087508.00,-382770324090.00,13950000000.00
JPRS,2011,0.04253,4,37686233394.00,437848660950.00,100029456981.00,1973,641375013671.00,337819203969.00,363750000000.00
LION,2011,0.01059,3,52535147701.00,365815749593.00,63755284220.00,1972,268414285432.00,302060465373.00,27308400000.00
LMSH,2011,0.27449,5,52535147701.00,98019132648.00,40816452492.00,1982,268414285432.00,57202680156.00,4800000000.00
PICO,2011,0.00110,4,12630196709.00,561840337025.00,373926044212.00,1983,621244560518.00,187914292813.00,109696375000.00
BUDI,2011,0.03767,2,62965000000.00,2123285000000.00,1312254000000.00,1979,2503984000000.00,811031000000.00,908008158960.00
DPNS,2011,0.06324,3,-6641710478.00,172322620690.00,41153432429.00,1982,121168473285.00,131169188261.00,235102265920.00
EKAD,2011,0.01009,3,26148879995.00,237592308314.00,89946780063.00,1981,328459768003.00,147645528251.00,195657000000.00
ETWA,2011,0.04908,1,72961045199.00,620709452075.00,244753971248.00,1992,904236103280.00,375955480827.00,416367710000.00
INCI,2011,0.05270,4,-17169761427.00,125184677577.00,13868640301.00,1981,50278008437.00,111316037276.00,38017466760.00
SRSN,2011,0.02144,5,23987816000.00,361182183000.00,108941955000.00,1982,387354222000.00,252240228000.00,325080000000.00
AKKU,2011,0.33842,4,-8893325227.00,11767293414.00,5832610570.00,2001,2568047363.00,5934682844.00,35650000000.00
AKPI,2011,0.01246,3,52852629000.00,1523749531000.00,783584965000.00,1980,1505559487000.00,740164566000.00,693600000000.00
APLI,2011,0.02537,3,16386357704.00,334702457870.00,118856332621.00,1992,308433994818.00,215846125249.00,112500000000.00
BRNA,2011,0.01499,3,43796464000.00,643963801000.00,389458125000.00,1969,679335305000.00,254506676000.00,244260000000.00
IGAR,2011,0.04130,3,55322166080.00,355579996944.00,64993639171.00,1975,512774178073.00,290596357773.00,498750000000.00
SIAP,2011,0.00357,1,3260117339.00,163233383441.00,60829935692.00,1994,208051918546.00,102403447749.00,39600000000.00
CPIN,2011,0.03605,3,2362497000000.00,8848204000000.00,2658734000000.00,1972,17957972000000.00,6189470000000.00,35255700000000.00
JPFA,2011,0.03155,1,671474000000.00,8266417000000.00,4481070000000.00,1971,15633068000000.00,3785347000000.00,1631060005230.00
MAIN,2011,0.05132,2,204966319000.00,1327801184000.00,905976670000.00,1997,2634460563000.00,421824514000.00,1661100000000.00
SIPD,2011,0.01061,2,23452266464.00,2641602932160.00,1370530530045.00,1985,4029131023628.00,1271072402115.00,4695554246500.00
TIRT,2011,0.02260,3,-10707516402.00,503093756412.00,553422620268.00,1981,231089215244.00,137509900946.00,64753584000.00
FASW,2011,0.02523,3,132338923785.00,4936093736569.00,3134396282692.00,1987,4123728086965.00,1801697453877.00,10840763443125.00
KBRI,2011,0.35556,4,-19419434022.00,744581030849.00,69649144730.00,1978,25340583227.00,674931886119.00,434399747100.00
KDSI,2011,0.01057,3,23628732460.00,587566985478.00,308397930892.00,1973,1180506128191.00,279169054586.00,99225000000.00
SPMA,2011,0.00126,3,33075990067.00,1551777407073.00,800315824231.00,1976,1189507920704.00,751461582842.00,358091197920.00
KRAH,2011,0.00758,1,1538828694.00,206042674367.00,189757477102.00,1990,128540485233.00,16285197265.00,0.00
ASII,2011,0.06981,2,21077000000000.00,153521000000000.00,77683000000000.00,1957,162564000000000.00,75838000000000.00,29957829323600.00
AUTO,2011,0.02481,2,1101583000000.00,6964227000000.00,2241333000000.00,1991,7363659000000.00,4722894000000.00,12573719450400.00
GJTL,2011,0.02141,3,683629000000.00,11554143000000.00,7123318000000.00,1951,11841396000000.00,4430825000000.00,10454400000000.00
IMAS,2011,0.02636,1,970891708091.00,12913941646042.00,7829760170144.00,1997,15776580286659.00,5084181475898.00,8848890918400.00
INDS,2011,0.00715,1,120415120240.00,1139715256754.00,507466203524.00,1978,1234986291420.00,632249053230.00,525600000000.00
LPIN,2011,0.01193,3,11319403810.00,157371466252.00,39115701463.00,1982,62958088306.00,118255764789.00,45156250000.00
HDTX,2011,0.00936,5,17285049940.00,1013575088112.00,448340225267.00,1973,1016881448518.00,565234862845.00,291188490000.00
MYTX,2011,0.03897,1,-120520153274.00,1848394822216.00,1784606616024.00,1987,0.00,63788206192.00,549999966375.00
RICY,2011,0.00717,2,12209645239.00,642094672040.00,291842821653.00,1987,616394673133.00,350251850387.00,118076021840.00
SSTM,2011,0.03236,3,-24097995553.00,843450156961.00,544374697261.00,1972,403181559300.00,299075459700.00,210763652580.00
STAR,2011,0.01791,1,2589293977.00,718569181860.00,230235127158.00,2008,220333781433.00,488334054702.00,388800000000.00
TRIS,2011,0.00000,2,27630711855.00,237957245281.00,0.00,2004,470116723006.00,0.00,0.00
UNIT,2011,0.00238,3,2332444935.00,234926921566.00,64730300526.00,1988,103226308264.00,240072679898.00,22626660000.00
BATA,2011,0.00981,3,56615123000.00,516649305000.00,162169217000.00,1931,678591535000.00,354480088000.00,7150000000.00
BIMA,2011,0.05393,2,2436791765.00,91525902735.00,281967282448.00,1988,184387175932.00,-190441379713.00,77400000000.00
AISA,2011,0.00728,2,149951000000.00,3590309000000.00,1757492000000.00,1990,1752802000000.00,1832817000000.00,1446687000000.00
ALTO,2011,0.00000,1,0.00,0.00,0.00,1997,0.00,0.00,0.00
CEKA,2011,0.04161,3,96305943766.00,823360918368.00,418302169536.00,1968,1238169022036.00,405058748832.00,141312500000.00
DLTA,2011,0.02593,3,151715042000.00,696166676000.00,123231249000.00,1970,564051178000.00,572935427000.00,1785469681500.00
ICBP,2011,0.06412,3,2066365000000.00,15222857000000.00,4513084000000.00,2009,19367155000000.00,10709773000000.00,30320960800000.00
INDF,2011,0.02109,2,4891673000000.00,53585933000000.00,21975708000000.00,1990,45332256000000.00,31610225000000.00,40389961900000.00
MLBI,2011,0.03694,3,507382000000.00,1220813000000.00,690545000000.00,1929,1858750000000.00,530268000000.00,75641300000000.00
MYOR,2011,0.02268,1,483486152677.00,6599845533328.00,4175176240894.00,1977,9453865992878.00,2424669292434.00,9363056976000.00
PSDN,2011,0.03450,3,13858490558.00,421366403319.00,215077297281.00,1974,1246290753836.00,206289106038.00,446400000000.00
ROTI,2011,0.04401,2,71703883412.00,759136918500.00,399514613543.00,1995,559971829490.00,614134937516.00,673219400000.00
SKBM,2011,0.00000,2,7563145189.00,191336088495.00,0.00,1973,650044284549.00,0.00,0.00
SKLT,2011,0.02300,3,5967790919.00,214237879424.00,91337531247.00,1976,344435729830.00,122900348177.00,96703670000.00
STTP,2011,0.01493,2,42675154847.00,934765927864.00,444700771028.00,1987,1027683999319.00,490065156836.00,903900000000.00
ULTJ,2011,0.00913,3,101323273593.00,2179181979434.00,776735279582.00,1971,2102383741532.00,1402446699852.00,3119452560000.00
GGRM,2011,0.00462,1,4958102000000.00,39088705000000.00,14537777000000.00,1971,41884352000000.00,24550928000000.00,119389660400000.00
HMSP,2011,0.06830,3,8064426000000.00,19376343000000.00,9174554000000.00,1963,52856708000000.00,10201789000000.00,169696611000000.00
RMBA,2011,0.02352,3,305997000000.00,6333957000000.00,4086673000000.00,1987,10070175000000.00,2247284000000.00,5719603950000.00
WIIM,2011,0.00000,2,129537165558.00,741062811864.00,0.00,1994,925236734794.00,0.00,0.00
DVLA,2011,0.02205,3,120915340000.00,922945318000.00,195027928000.00,1976,899632048000.00,727917390000.00,1288000000000.00
INAF,2011,0.01511,3,36919316551.00,1114901669774.00,505707835106.00,1996,1203466980652.00,609193834668.00,505180602500.00
KAEF,2011,0.02933,3,171763175754.00,1794242423105.00,541736739279.00,1971,3481166441259.00,1252505683826.00,1888360000000.00
KLBF,2011,0.02320,3,1522956820292.00,8274554112840.00,1758619054414.00,1966,10911860141523.00,6515935058426.00,6906089806960.00
MERK,2011,0.06120,5,231158647000.00,584388578000.00,90206868000.00,1970,918532462000.00,494181710000.00,2968000000000.00
PYFA,2011,0.00308,2,5172045680.00,118033602852.00,35636351337.00,1976,151094461045.00,82397251515.00,94174080000.00
SIDO,2011,0.00000,3,0.00,0.00,0.00,1975,0.00,0.00,0.00
TSPC,2011,0.01548,3,586362346430.00,4250374395321.00,1204438648313.00,1970,5780664117037.00,3045935747008.00,11475000000000.00
ADES,2011,0.00793,5,25868000000.00,316048000000.00,190302000000.00,1985,299409000000.00,125746000000.00,595795768000.00
MBTO,2011,0.01782,4,42659406355.00,541673841000.00,141131522256.00,1977,648375230795.00,400542318744.00,438700000000.00
MRAT,2011,0.00433,3,27867834532.00,422493037089.00,64063972371.00,1978,406315784681.00,358429064718.00,214000000000.00
TCID,2011,0.00091,3,140038819641.00,1130865062422.00,110452261687.00,1969,1654671098358.00,1020412800735.00,1548213335900.00
UNVR,2011,0.00873,3,4164304000000.00,10482312000000.00,6801375000000.00,1933,23469218000000.00,3680937000000.00,143444000000000.00
KICI,2011,0.05076,1,356739464.00,87419114499.00,23121512108.00,1974,87517382578.00,64297602391.00,24840000000.00
LMPI,2011,0.00000,1,5424322790.00,685895619326.00,0.00,1972,502196982451.00,0.00,0.00
